G1	visual-components-rangeslider--accessibility	0.967	0.144	0.823	ok
G1	visual-components-rangeslider--api	0.973	0.191	0.782	ok
G1	visual-components-rangeslider--calculator	0.971	0.138	0.833	ok
G1	visual-components-rangeslider--playground	0.972	0.136	0.836	ok
G1	visual-components-rangeslider--variants	0.978	0.131	0.847	ok
G2	visual-components-switch--accessibility	0.966	0.146	0.820	ok
G2	visual-components-switch--api	0.971	0.194	0.777	ok
G2	visual-components-switch--playground	0.971	0.136	0.835	ok
G2	visual-components-switch--settings	0.980	0.126	0.854	ok
G2	visual-components-switch--variants	0.976	0.131	0.845	ok
G3	visual-components-avatar--accessibility	0.969	0.141	0.828	ok
G3	visual-components-avatar--admin-feed	0.980	0.125	0.855	ok
G3	visual-components-avatar--api	0.973	0.189	0.784	ok
G3	visual-components-avatar--news-row	0.981	0.125	0.856	ok
G3	visual-components-avatar--playground	0.975	0.134	0.841	ok
G3	visual-components-avatar--variants	0.972	0.139	0.833	ok
G4	visual-components-input--accessibility	0.956	0.159	0.797	ok
G4	visual-components-input--api	0.968	0.199	0.769	ok
G4	visual-components-input--code-accessibility	0.967	0.143	0.824	ok
G4	visual-components-input--code-mode	0.970	0.138	0.832	ok
G4	visual-components-input--confirmation	0.958	0.145	0.813	ok
G4	visual-components-input--playground	0.969	0.144	0.825	ok
G4	visual-components-input--theming	0.887	0.145	0.742	ok
G4	visual-components-input--value-modes	0.963	0.156	0.807	ok
G4	visual-components-input--variants	0.961	0.151	0.810	ok
G5	visual-components-textarea--accessibility-notes	0.969	0.249	0.720	ok
G5	visual-components-textarea--notes	0.963	0.238	0.725	ok
G5	visual-components-textarea--states	0.971	0.244	0.727	ok
G6	visual-components-button--api	0.975	0.187	0.788	ok
G6	visual-invest-terminal-ticket--terminal-ticket	0.979	0.124	0.855	ok
G6	visual-token-reference--colors	0.976	0.188	0.788	ok
G7	visual-getting-started--page	0.957	0.209	0.748	ok
SUMMARY	pairs=32	flags=0
