G1	visual-components-rangeslider--accessibility-light-1-chromium.png	1280x700	0.967 0.126
G1	visual-components-rangeslider--accessibility-dark-1-chromium.png	1280x700	0.144 0.156
G1	visual-components-rangeslider--api-light-1-chromium.png	1280x1327	0.973 0.116
G1	visual-components-rangeslider--api-dark-1-chromium.png	1280x1327	0.191 0.253
G1	visual-components-rangeslider--calculator-light-1-chromium.png	1280x593	0.971 0.098
G1	visual-components-rangeslider--calculator-dark-1-chromium.png	1280x593	0.138 0.133
G1	visual-components-rangeslider--playground-light-1-chromium.png	1280x480	0.972 0.105
G1	visual-components-rangeslider--playground-dark-1-chromium.png	1280x480	0.136 0.131
G1	visual-components-rangeslider--variants-light-1-chromium.png	1280x504	0.978 0.095
G1	visual-components-rangeslider--variants-dark-1-chromium.png	1280x504	0.131 0.121
G2	visual-components-switch--accessibility-light-1-chromium.png	1280x673	0.966 0.128
G2	visual-components-switch--accessibility-dark-1-chromium.png	1280x673	0.146 0.162
G2	visual-components-switch--api-light-1-chromium.png	1280x1295	0.971 0.12
G2	visual-components-switch--api-dark-1-chromium.png	1280x1295	0.194 0.255
G2	visual-components-switch--playground-light-1-chromium.png	1280x425	0.971 0.109
G2	visual-components-switch--playground-dark-1-chromium.png	1280x425	0.136 0.128
G2	visual-components-switch--settings-light-1-chromium.png	1280x944	0.98 0.092
G2	visual-components-switch--settings-dark-1-chromium.png	1280x944	0.126 0.114
G2	visual-components-switch--variants-light-1-chromium.png	1280x474	0.976 0.097
G2	visual-components-switch--variants-dark-1-chromium.png	1280x474	0.131 0.119
G3	visual-components-avatar--accessibility-light-1-chromium.png	1280x651	0.969 0.122
G3	visual-components-avatar--accessibility-dark-1-chromium.png	1280x651	0.141 0.153
G3	visual-components-avatar--admin-feed-light-1-chromium.png	1280x658	0.98 0.085
G3	visual-components-avatar--admin-feed-dark-1-chromium.png	1280x658	0.125 0.108
G3	visual-components-avatar--api-light-1-chromium.png	1280x932	0.973 0.114
G3	visual-components-avatar--api-dark-1-chromium.png	1280x932	0.189 0.249
G3	visual-components-avatar--news-row-light-1-chromium.png	1280x798	0.981 0.096
G3	visual-components-avatar--news-row-dark-1-chromium.png	1280x798	0.125 0.118
G3	visual-components-avatar--playground-light-1-chromium.png	1280x405	0.975 0.099
G3	visual-components-avatar--playground-dark-1-chromium.png	1280x405	0.134 0.127
G3	visual-components-avatar--variants-light-1-chromium.png	1280x451	0.972 0.105
G3	visual-components-avatar--variants-dark-1-chromium.png	1280x451	0.139 0.138
G4	visual-components-input--accessibility-light-1-chromium.png	1280x1266	0.956 0.146
G4	visual-components-input--accessibility-dark-1-chromium.png	1280x1266	0.159 0.182
G4	visual-components-input--api-light-1-chromium.png	1280x1629	0.968 0.127
G4	visual-components-input--api-dark-1-chromium.png	1280x1629	0.199 0.261
G4	visual-components-input--code-accessibility-light-1-chromium.png	1280x724	0.967 0.125
G4	visual-components-input--code-accessibility-dark-1-chromium.png	1280x724	0.143 0.152
G4	visual-components-input--code-mode-light-1-chromium.png	1280x679	0.97 0.109
G4	visual-components-input--code-mode-dark-1-chromium.png	1280x679	0.138 0.128
G4	visual-components-input--confirmation-light-1-chromium.png	1280x613	0.958 0.1
G4	visual-components-input--confirmation-dark-1-chromium.png	1280x613	0.145 0.118
G4	visual-components-input--playground-light-1-chromium.png	1280x351	0.969 0.094
G4	visual-components-input--playground-dark-1-chromium.png	1280x351	0.144 0.121
G4	visual-components-input--theming-light-1-chromium.png	1280x1029	0.887 0.249
G4	visual-components-input--theming-dark-1-chromium.png	1280x1029	0.145 0.097
G4	visual-components-input--value-modes-light-1-chromium.png	1280x734	0.963 0.107
G4	visual-components-input--value-modes-dark-1-chromium.png	1280x734	0.156 0.153
G4	visual-components-input--variants-light-1-chromium.png	1280x545	0.961 0.114
G4	visual-components-input--variants-dark-1-chromium.png	1280x545	0.151 0.133
G5	visual-components-textarea--accessibility-notes-light-1-chromium.png	1280x323	0.969 0.104
G5	visual-components-textarea--accessibility-notes-dark-1-chromium.png	1280x323	0.249 0.308
G5	visual-components-textarea--notes-light-1-chromium.png	1280x412	0.963 0.119
G5	visual-components-textarea--notes-dark-1-chromium.png	1280x412	0.238 0.292
G5	visual-components-textarea--states-light-1-chromium.png	1280x336	0.971 0.1
G5	visual-components-textarea--states-dark-1-chromium.png	1280x336	0.244 0.302
G6	visual-components-button--api-light-1-chromium.png	1280x1263	0.975 0.11
G6	visual-components-button--api-dark-1-chromium.png	1280x1263	0.187 0.248
G6	visual-invest-terminal-ticket--terminal-ticket-light-1-chromium.png	1280x852	0.979 0.097
G6	visual-invest-terminal-ticket--terminal-ticket-dark-1-chromium.png	1280x852	0.124 0.098
G6	visual-token-reference--colors-light-1-chromium.png	1280x3475	0.976 0.113
G6	visual-token-reference--colors-dark-1-chromium.png	1280x3475	0.188 0.248
G7	visual-getting-started--page-light-1-chromium.png	1280x4329	0.957 0.117
G7	visual-getting-started--page-dark-1-chromium.png	1280x4329	0.209 0.253
