G1	tile-01	visual-components-rangeslider--accessibility-light-1-chromium.png	560x306
G1	tile-02	visual-components-rangeslider--accessibility-dark-1-chromium.png	560x306
G1	tile-03	visual-components-rangeslider--api-light-1-chromium.png	560x581
G1	tile-04	visual-components-rangeslider--api-dark-1-chromium.png	560x581
G1	tile-05	visual-components-rangeslider--calculator-light-1-chromium.png	560x259
G1	tile-06	visual-components-rangeslider--calculator-dark-1-chromium.png	560x259
G1	tile-07	visual-components-rangeslider--playground-light-1-chromium.png	560x210
G1	tile-08	visual-components-rangeslider--playground-dark-1-chromium.png	560x210
G1	tile-09	visual-components-rangeslider--variants-light-1-chromium.png	560x221
G1	tile-10	visual-components-rangeslider--variants-dark-1-chromium.png	560x221
G2	tile-01	visual-components-switch--accessibility-light-1-chromium.png	560x294
G2	tile-02	visual-components-switch--accessibility-dark-1-chromium.png	560x294
G2	tile-03	visual-components-switch--api-light-1-chromium.png	560x567
G2	tile-04	visual-components-switch--api-dark-1-chromium.png	560x567
G2	tile-05	visual-components-switch--playground-light-1-chromium.png	560x186
G2	tile-06	visual-components-switch--playground-dark-1-chromium.png	560x186
G2	tile-07	visual-components-switch--settings-light-1-chromium.png	560x413
G2	tile-08	visual-components-switch--settings-dark-1-chromium.png	560x413
G2	tile-09	visual-components-switch--variants-light-1-chromium.png	560x207
G2	tile-10	visual-components-switch--variants-dark-1-chromium.png	560x207
G3	tile-01	visual-components-avatar--accessibility-light-1-chromium.png	560x285
G3	tile-02	visual-components-avatar--accessibility-dark-1-chromium.png	560x285
G3	tile-03	visual-components-avatar--admin-feed-light-1-chromium.png	560x288
G3	tile-04	visual-components-avatar--admin-feed-dark-1-chromium.png	560x288
G3	tile-05	visual-components-avatar--api-light-1-chromium.png	560x408
G3	tile-06	visual-components-avatar--api-dark-1-chromium.png	560x408
G3	tile-07	visual-components-avatar--news-row-light-1-chromium.png	560x349
G3	tile-08	visual-components-avatar--news-row-dark-1-chromium.png	560x349
G3	tile-09	visual-components-avatar--playground-light-1-chromium.png	560x177
G3	tile-10	visual-components-avatar--playground-dark-1-chromium.png	560x177
G3	tile-11	visual-components-avatar--variants-light-1-chromium.png	560x197
G3	tile-12	visual-components-avatar--variants-dark-1-chromium.png	560x197
G4	tile-01	visual-components-input--accessibility-light-1-chromium.png	560x554
G4	tile-02	visual-components-input--accessibility-dark-1-chromium.png	560x554
G4	tile-03	visual-components-input--api-light-1-chromium.png	560x713
G4	tile-04	visual-components-input--api-dark-1-chromium.png	560x713
G4	tile-05	visual-components-input--code-accessibility-light-1-chromium.png	560x317
G4	tile-06	visual-components-input--code-accessibility-dark-1-chromium.png	560x317
G4	tile-07	visual-components-input--code-mode-light-1-chromium.png	560x297
G4	tile-08	visual-components-input--code-mode-dark-1-chromium.png	560x297
G4	tile-09	visual-components-input--confirmation-light-1-chromium.png	560x268
G4	tile-10	visual-components-input--confirmation-dark-1-chromium.png	560x268
G4	tile-11	visual-components-input--playground-light-1-chromium.png	560x154
G4	tile-12	visual-components-input--playground-dark-1-chromium.png	560x154
G4	tile-13	visual-components-input--theming-light-1-chromium.png	560x450
G4	tile-14	visual-components-input--theming-dark-1-chromium.png	560x450
G4	tile-15	visual-components-input--value-modes-light-1-chromium.png	560x321
G4	tile-16	visual-components-input--value-modes-dark-1-chromium.png	560x321
G4	tile-17	visual-components-input--variants-light-1-chromium.png	560x238
G4	tile-18	visual-components-input--variants-dark-1-chromium.png	560x238
G5	tile-01	visual-components-textarea--accessibility-notes-light-1-chromium.png	560x141
G5	tile-02	visual-components-textarea--accessibility-notes-dark-1-chromium.png	560x141
G5	tile-03	visual-components-textarea--notes-light-1-chromium.png	560x180
G5	tile-04	visual-components-textarea--notes-dark-1-chromium.png	560x180
G5	tile-05	visual-components-textarea--states-light-1-chromium.png	560x147
G5	tile-06	visual-components-textarea--states-dark-1-chromium.png	560x147
G6	tile-01	visual-components-button--api-light-1-chromium.png	560x553
G6	tile-02	visual-components-button--api-dark-1-chromium.png	560x553
G6	tile-03	visual-invest-terminal-ticket--terminal-ticket-light-1-chromium.png	560x373
G6	tile-04	visual-invest-terminal-ticket--terminal-ticket-dark-1-chromium.png	560x373
G6	tile-05	visual-token-reference--colors-light-1-chromium.png	560x1520
G6	tile-06	visual-token-reference--colors-dark-1-chromium.png	560x1520
G7	tile-01	visual-getting-started--page-light-1-chromium.png	560x1894
G7	tile-02	visual-getting-started--page-dark-1-chromium.png	560x1894
